id,title
s0005V1962,The Potato Eaters
s0019V1962,Garden with Courting Couples Square Saint-Pierre
s0022V1962,Self-Portrait as a Painter
s0027V1962,The Langlois Bridge
s0029V1962,The Sower
s0031V1962,Sunflowers
s0032V1962,The Yellow House (The Street)
s0047V1962,The Bedroom
s0049V1962,Wheatfield with a Reaper
s0050V1962,Irises
s0106V1962,Wheatfield under Thunderclouds
s0149V1962,Wheatfield with Crows
s0176V1962,Almond Blossom
s0195V1962,Tree Roots
d0171V1962,Peasant Woman Digging
d0222V1962,Garden of the Hospital
d0337V1962,Window in the Studio
d0340V1962,Tree with Ivy in the Garden of the Asylum
d0344V1962,The Rock of Montmajour with Pine Trees
d0364V1968,Pollard Birches
d0378V1962,Worn Out
d0386M1977,Landscape with a Stack of Peat and Farmhouses
d0420V1962,Gate in the Paris Ramparts
d0423V1962,Weaver
d0446V1962,Old Vineyard with Peasant Woman
d1172S2012,Pollard Willow
s0001V1962,Birds' Nests
s0002V1962,The Old Church Tower at Nuenen ('The Peasants' Churchyard')
s0003V1962,Congregation Leaving the Reformed Church in Nuenen
s0004V1962r,Kop van een vrouw  en Moestuin met zonnebloem
s0004V1962v,Kop van een vrouw  en Moestuin met zonnebloem
s0006V1962,Head of a Woman
s0007V1962,Woman Sewing
s0008V1962,Still Life with Bible
s0009V1962,Vase with Honesty
s0010V1962,Portrait of an Old Woman
s0011V1962,Shoes
s0012V1962,The Hill of Montmartre with Stone Quarry
s0013V1962,View of Paris
s0014V1962,Impasse des Deux Frères
s0015V1962,Montmartre Windmills and Allotments
s0016V1962,Self-Portrait with Grey Felt Hat
s0017V1962,In the Café Agostina Segatori in Le Tambourin
s0018V1962,Montmartre Behind the Moulin de la Galette
s0020V1962,Carafe and Dish with Citrus Fruit
s0021V1962,Piles of French Novels
s0023V1962,"Quinces, Lemons, Pears and Grapes"
s0024V1962,The White Orchard
s0025V1962,The Pink Peach Tree
s0026V1962,The Pink Orchard
s0028V1962,Fishing Boats on the Beach at Les Saintes-Maries-de-la-Mer
s0030V1962,The Harvest
s0033V1962,Field with Poppies
s0034V1962,Farmhouse in a Wheatfield
s0035V1962,Peach Tree in Blossom
s0036V1962,"Orchards in Blossom, View of Arles"
s0037V1962,Field with Irises near Arles
s0038V1962,Orchard in Blossom
s0039V1962,Small Pear Tree in Blossom
s0040V1962,Ploughed Fields ('The Furrows')
s0041V1962,Entrance to a Quarry
s0042V1962,The Sheepshearer (after Millet)
s0043V1962,Peasant Woman Bruising Flax (after Millet)
s0044V1962,Olive Grove
s0045V1962,Olive Grove
s0046V1962,The Garden of Saint Paul's Hospital ('Leaf-Fall')
s0048V1962,Gauguin's Chair
s0051V1962,Undergrowth
s0052V1962,Still Life with Brass Cauldron and Jug
s0053V1962,Cottages
s0054V1962,Bobbin Winder
s0055V1962,By the Seine
s0056V1962,Torso of Venus
s0057V1962,View from Theo's Apartment
s0058V1962,Woman with a Mourning Shawl
s0059V1962,Head of a Woman
s0060V1962r,Stilleven met flessen en aardewerk  en Zelfportret met strohoed
s0060V1962v,Stilleven met flessen en aardewerk  en Zelfportret met strohoed
s0061V1962,Portrait of an Old Man
s0062V1962,Head of a Woman
s0063V1962,Basket of Hyacinth Bulbs
s0064V1962,The Hill of Montmartre with Stone Quarry
s0065V1962,Self-Portrait
s0066V1962,Trees and Undergrowth
s0067V1962,The Zouave
s0068V1962r,Kop van een man  en Zelfportret met strohoed en pijp
s0068V1962v,Kop van een man  en Zelfportret met strohoed en pijp
s0069V1962,Head of a Man
s0070V1962,Still Life with Vegetables and Fruit
s0071V1962r,Vogelnesten  en Zelfportret
s0071V1962v,Vogelnesten  en Zelfportret
s0072V1962,Head of a Woman
s0073V1962,Woman Winding Yarn
s0074V1962,Portrait of a Woman
s0075V1962,Plaster Cast of a Woman's Torso
s0077V1962,Bank of the Seine
s0078V1962,Trees
s0079V1962,Undergrowth
s0080V1962,Path in the Woods
s0081V1962,Portrait of a Man
s0082V1962,Red Cabbages and Garlic
s0083V1962,Head of a Skeleton with a Burning Cigarette
s0084V1962,Head of a Woman
s0085V1962,The De Ruijterkade in Amsterdam
s0086V1962,The Bridge at Courbevoie
s0087V1962,The Cottage
s0088V1962,Ears of Wheat
s0089V1962,Torso of Venus
s0090V1962,"Nude Girl, Seated"
s0091V1962,Portrait of a Woman
s0092V1962,Path in Montmartre
s0093V1962,Portrait of Agostina Segatori
s0094V1962,Boulevard de Clichy
s0095V1962,View from Vincent's Studio
s0096V1962,Beer Tankards
s0097V1962r,Kop van een vrouw  en Zelfportret
s0097V1962v,Kop van een vrouw  en Zelfportret
s0098V1962,Square Saint-Pierre at Sunset
s0099V1962,Landscape with Rabbits
s0100V1962,Kingfisher by the Waterside
s0101V1962,Torso of Venus
s0102V1962,Kneeling Ecorché
s0103V1962,Male Torso
s0104V1962,Daubigny's Garden
s0105V1962,View of Auvers-sur-Oise
s0107V1962,Landscape at Twilight
s0108V1962,Farmhouse
s0109V1962,Vase of Flowers
s0110V1962,Garden with Butterflies
s0111V1962,Undergrowth
s0112V1962,Reminiscence of Brabant
s0113V1962,Portrait of a One-Eyed Man
s0114V1962,Bridge in the Rain (after Hiroshige)
s0115V1962,Flowering Plum Orchard (after Hiroshige)
s0116V1962,Courtesan (after Eisen)
s0117V1962,Seascape near Les Saintes-Maries-de-la-Mer
s0118V1962,Ravine with a Small Stream
s0119V1962,View of a Butcher's Shop
s0120V1962,A Pair of Leather Clogs
s0121V1962,Sunflowers Gone to Seed
s0122V1962,Prawns and Mussels
s0123V1962,Skull
s0124V1962,A Crab on its Back
s0125V1962,Portrait of Etienne-Lucien Martin
s0126V1962,Horse Chestnut Tree in Blossom
s0127V1962,Shoes
s0128V1962,Skull
s0129V1962,Women on the Peat Moor
s0130V1962,Farm with Stacks of Peat
s0131V1962,Apples
s0132V1962,Head of a Woman
s0133M1970,Sunset in Montmartre
s0134V1962,Exterior of a Restaurant in Asnières
s0135V1962r,Studie voor 'De aardappeleters'  en Zelfportret
s0135V1962v,Studie voor 'De aardappeleters'  en Zelfportret
s0136V1973,Flying Fox
s0137V1962,Still Life with Cabbage and Clogs
s0138V1962,Still Life with Earthenware and Bottles
s0139V1962,Head of a Woman (Gordina de Groot)
s0140V1962,The Vicarage at Nuenen
s0141M1977,Avenue of Poplars in Autumn
s0142V1962,Houses Seen from the Back
s0143V1962,Portrait of a Woman
s0144V1962,Vase with Gladioli and Chinese Asters
s0145V1962,An Old Woman of Arles
s0146V1962,Wheatfield
s0147V1962,Cypresses and Two Women
s0148V1962,Olive Trees on a Hillside
s0150V1962,Basket of Apples
s0151V1962,Basket of Apples
s0152V1962,Basket of Potatoes
s0153V1962,Basket of Potatoes
s0154V1962,Baskets of Potatoes
s0155V1962,Self-Portrait
s0156V1962,Self-Portrait
s0157V1962,Self-Portrait or Portrait of Theo van Gogh
s0158V1962,Self-Portrait with Pipe
s0159V1962,Self-Portrait
s0160V1962,Self-Portrait as a Painter
s0161V1962,Self-Portrait with Glass
s0162V1962,Self-Portrait with Felt Hat
s0163V1962,Self-Portrait with Pipe and Straw Hat
s0164V1962,Self-Portrait with Straw Hat
s0165V1962,Portrait of Léonie Rose Charbuy-Davy
s0166V1962,Portrait of Camille Roulin
s0167V1962,Portrait of Marcelle Roulin
s0168V1962,Pietà (after Delacroix)
s0169V1962,The Raising of Lazarus (after Rembrandt)
s0170V1962,The Woodcutter (after Millet)
s0171V1962,Thresher (after Millet)
s0172V1962,Peasant Woman Binding Sheaves (after Millet)
s0173V1962,The Sheaf-Binder (after Millet)
s0174V1962,Evening (after Millet)
s0175V1962,Snow-Covered Field with a Harrow (after Millet)
s0177V1962,Vase with Chinese Asters and Gladioli
s0178V1962,Glass with Yellow Roses
s0179V1962,Basket of Crocus Bulbs
s0180V1962,Basket of Pansies
s0181V1962,Three Novels
s0182V1962,Small Bottle with Peonies and Blue Delphiniums
s0183V1962,Flowerpot with Garlic Chives
s0184V1962,Sprig of Flowering Almond in a Glass
s0185V1962,Flame Nettle in a Flowerpot
s0186V1962,Café Table with Absinthe
s0187V1962,Roses
s0188V1962,Butterflies and Poppies
s0189V1962,Giant Peacock Moth
s0190V1962,Wild Roses
s0193V1962,Dish with Citrus Fruit
s0194V1962,Grapes
s0196V1962,Garden of the Asylum
s0197V1962,Wheatfield with Partridge
s0198V1962,The Reaper (after Millet)
s0199V1962,Plaster Cast of a Woman's Torso
s0200V1962,Plaster Cast of a Woman's Torso
s0201V1962,Torso of Venus
s0202V1962,Horse
s0257V1962,Portrait of Gauguin
s0343V1966,Head of a Woman
s0416N1990,View of the Sea at Scheveningen
s0417N1990,View of the Alpilles
s0452S1995,Woman Lifting Potatoes
s0548S2019,Peasant Burning Weeds
d0001V1962,Woman Preparing a Meal
d0002V1962,Seated Woman
d0003V1962,Young Man with a Pipe
d0004V1962,Woman Sewing
d0005V1962,Woman Sewing
d0006V1962,Woman Peeling Potatoes
d0007V1962,Woman Peeling Potatoes
d0008V1962,Head of a Woman
d0009V1962r,Verkoping van afbraak  en Verkoping van afbraak
d0009V1962v,Verkoping van afbraak  en Verkoping van afbraak
d0010V1962,Landscape with a Church
d0011V1962,Avenue of Poplars
d0012V1962r,"Studies van een zittend meisje, spierman en Venus  en Zittend meisje en Venus"
d0012V1962v,"Studies van een zittend meisje, spierman en Venus  en Zittend meisje en Venus"
d0013V1962,Idol
d0014V1962r,Idool  en Idool
d0014V1962v,Idool  en Idool
d0015V1962r,Idool  en Idool
d0015V1962v,Idool  en Idool
d0016V1962,Seated Man with a Beard
d0017V1962r,Kop van een man (vermoedelijk Theo van Gogh)  en Kop van een man met hoed
d0017V1962v,Kop van een man (vermoedelijk Theo van Gogh)  en Kop van een man met hoed
d0018V1962r,Pianist  en Contrabasspeler
d0018V1962v,Pianist  en Contrabasspeler
d0019V1962r,Klarinettist en piccolospeler  en Studie voor `Vrouw bij een wieg'
d0019V1962v,Klarinettist en piccolospeler  en Studie voor `Vrouw bij een wieg'
d0020V1962r,Violist op de rug gezien  en Violist van voren gezien
d0020V1962v,Violist op de rug gezien  en Violist van voren gezien
d0021V1962,Seated Female Nude
d0022V1962,Standing Female Nude Seen from the Side
d0023V1962,Standing Female Nude Seen from the Back
d0024V1962,Woman with a Mourning Shawl
d0025V1962r,Gezicht op Het Steen  en Twee vrouwen in een loge
d0025V1962v,Gezicht op Het Steen  en Twee vrouwen in een loge
d0026V1962,Couple Dancing
d0027V1962,Dance Hall
d0029V1962,Skeleton
d0030V1962r,Staand mannelijk naakt van voren gezien  en Koppen
d0030V1962v,Staand mannelijk naakt van voren gezien  en Koppen
d0031V1962r,Staand mannelijk en zittend vrouwelijk naakt  en Venustorso
d0031V1962v,Staand mannelijk en zittend vrouwelijk naakt  en Venustorso
d0032V1962,Shopping Street in Montmartre by Night
d0034V1962r,Venustorso  en Jonge slaaf
d0034V1962v,Venustorso  en Jonge slaaf
d0035V1962,Kneeling Ecorché
d0036V1962r,Venus met hoed  en Benen van een vrouw
d0036V1962v,Venus met hoed  en Benen van een vrouw
d0037V1962,Dying Slave and Figures at a Table
d0038V1962,Nude Woman Squatting over a Basin
d0040V1971,Head of a Man
d0041V1971,Head of an Old Man
d0042V1971,City View
d0045V1962,Standing Male Nude Seen from the Front
d0047V1969,A Sunday in Eindhoven
d0048V1962r,Gedrongen man  en Man en vrouw aan de maaltijd
d0048V1962v,Gedrongen man  en Man en vrouw aan de maaltijd
d0049V1962,Stooks and a Peasant Stacking Sheaves
d0050V1962,Stooks and a Mill
d0051V1962,Wheatfield with a Stook and a Mill
d0052V1962,Wheatfield with Stooks and a Mill
d0053V1962,Landscape with Cottages and a Mill
d0054V1962,Landscape in Stormy Weather
d0056V1962r,Arm  en Arm
d0056V1962v,Arm  en Arm
d0057V1962,View of Het Steen
d0058V1962,Portrait of a Woman
d0059V1962,Standing Male Nude Seen from the Front
d0060V1962,Standing Female Nude Seen from the Front
d0061V1962,French Peasant Woman Suckling Her Baby (after Dalou)
d0062V1962,Standing and Sitting Male Nude (after Bargue)
d0063V1962,Digger
d0064V1962,Digger
d0065V1962,Old Man in a Tailcoat
d0066V1962,Head of a Woman
d0067V1962,Head of a Woman
d0068V1962,Head of a Fisherman with a Sou'wester
d0069V1962,"Fisherman with Sou'wester, Pipe and Coal Pan"
d0070V1962,Head of a Fisherman with a Fringe of Beard and a Sou'wester
d0071V1962,Woman with a Child on her Lap
d0072V1962,Girl Kneeling by a Cradle
d0073V1962,Head of a Woman
d0074V1962,"Woman Sewing, with a Girl"
d0075V1962,Woman with a Broom
d0076V1962,Woman with a Broom
d0077V1964,Old Man Drinking Coffee
d0078V1962r,Twee handen  en Ketel boven het vuur en een hut bij avond
d0078V1962v,Twee handen  en Ketel boven het vuur en een hut bij avond
d0079V1962,Weaver
d0080V1962,Weaver
d0081V1962,Weaver
d0082V1962,"Weaver, with a Baby in a High Chair"
d0083V1962,Weaver
d0084V1962,Weaver
d0085V1962,Weaver
d0086V1962,Winter Landscape with Hut and Figure
d0087V1962,Melancholy
d0088V1962,The Vicarage Garden
d0089V1962,Head of a Young Man with a Pipe
d0090V1962r,Twee handen en een kop van een vrouw  en Twee studies van een hut
d0090V1962v,Twee handen en een kop van een vrouw  en Twee studies van een hut
d0091V1962,Two Hands
d0092V1969,Head of a Woman
d0093V1962,Lap with Hands and a Bowl
d0094V1962r,"Drie handen, twee met mes  en Kop van een jongeman"
d0094V1962v,"Drie handen, twee met mes  en Kop van een jongeman"
d0095V1962r,Vier handen  en Lamp voor een raam
d0095V1962v,Vier handen  en Lamp voor een raam
d0096V1962r,"Twee handen met een stok  en Vier handen, twee met kom"
d0096V1962v,"Twee handen met een stok  en Vier handen, twee met kom"
d0097V1962,Two Hands
d0098V1962r,Drie handen  en Drie handen
d0098V1962v,Drie handen  en Drie handen
d0099V1962,Two Hands with a Hearth Shovel
d0100V1962r,Schoot met handen  en Drie handen
d0100V1962v,Schoot met handen  en Drie handen
d0101V1962,Head of a Woman
d0102V1962,Head of a Woman
d0103V1962r,Vrouw met omslagdoek  en Vrouw met omslagdoek
d0103V1962v,Vrouw met omslagdoek  en Vrouw met omslagdoek
d0104V1962,Woman with a Shawl
d0105V1962,Pine Trees in the Fen
d0106V1962,Peasant Woman Digging
d0107V1962,Peasant Woman Lifting Potatoes
d0108V1962,Peasant Woman Lifting Potatoes
d0109V1962r,Aardappelrooiende boerin  en Aardappelrooiende boerin
d0109V1962v,Aardappelrooiende boerin  en Aardappelrooiende boerin
d0110V1962,Peasant Woman Lifting Potatoes
d0111V1962,Peasant Woman Lifting Potatoes
d0112V1962,Woman by a Hearth
d0113V1962,Woman by a Hearth
d0114V1962,Woman Winding Yarn
d0115V1962r,Deel van een portret van Anthon van Rappard  en Studies van figuren met takkenbossen
d0115V1962v,Deel van een portret van Anthon van Rappard  en Studies van figuren met takkenbossen
d0116V1962r,Drie studies van een vrouw met omslagdoek  en Vrouw met omslagdoek
d0116V1962v,Drie studies van een vrouw met omslagdoek  en Vrouw met omslagdoek
d0117V1962,Peasant Lifting Beet
d0118V1962,Digger
d0119V1962,Man Breaking Up the Soil
d0120V1962,Peasant Lifting Potatoes
d0121V1962,Peasant Lifting Potatoes
d0122V1962,Digger
d0123V1962r,Korenveld met maaier en schovenbindende boerin  en Boer met gaffel
d0123V1962v,Korenveld met maaier en schovenbindende boerin  en Boer met gaffel
d0124V1962r,Straat met figuren bij avond  en Man op een bank
d0124V1962v,Straat met figuren bij avond  en Man op een bank
d0126V1969,Park with Figures
d0127V1969,Jardin du Luxembourg
d0130V1971,Figures in a Park
d0131V1969,View of Montmartre
d0133V1962,Study for 'Reclining Female Nude'
d0134V1962,Woman Walking Her Dog ('A La Villette')
d0135V1962r,Man en vrouw op de rug gezien  en Blad met schetsen
d0135V1962v,Man en vrouw op de rug gezien  en Blad met schetsen
d0136V1962r,Venustorso  en venustorso
d0136V1962v,Venustorso  en venustorso
d0137V1962r,Venustorso  en Venustorso en landschap
d0137V1962v,Venustorso  en Venustorso en landschap
d0138V1962r,Venustorso  en Mannentorso en Studie voor `Portret van vrouw met bloemen'
d0138V1962v,Venustorso  en Mannentorso en Studie voor `Portret van vrouw met bloemen'
d0139V1962,Woman Pianist and a Violinist
d0140V1962r,Venustorso  en Venustorso
d0140V1962v,Venustorso  en Venustorso
d0142V1962r,Studie van de verdedigingswerken  en Studie van de verdedigingswerken
d0142V1962v,Studie van de verdedigingswerken  en Studie van de verdedigingswerken
d0143V1962,Couple Out for a Stroll
d0146V1962,Chair by a Fireplace
d0147V1962,Portrait of Père Tanguy
d0148V1962,Entrance to the Moulin de la Galette
d0150V1971r,Menu van een restaurant  en Geschubde inktzwam
d0150V1971v,Menu van een restaurant  en Geschubde inktzwam
d0151V1962,The Hill of Montmartre
d0152V1962r,Kerkuil van opzij gezien  en Kerkuil van voren gezien
d0152V1962v,Kerkuil van opzij gezien  en Kerkuil van voren gezien
d0153V1970,Apartment Blocks and Miscellaneous Studies
d0154V1962,View of Paris with Notre-Dame and the Panthéon
d0155V1962,View of Paris with the Hôtel de Ville and the Tour Saint-Jacques
d0156V1962r,Voeten  en Parkgezicht
d0156V1962v,Voeten  en Parkgezicht
d0157V1962,Standing Man Seen from the Back
d0158V1962,Torso of Venus
d0159V1962r,Torso of Venus
d0159V1962v,Venus
d0160V1962r,Staand vrouwelijk naakt op de rug gezien  en Idool en schetsen van Venus
d0160V1962v,Staand vrouwelijk naakt op de rug gezien  en Idool en schetsen van Venus
d0161V1962,Houses in Les Saintes-Maries-de-la-Mer
d0162V1962,Beach at Les Saintes-Maries-de-la-Mer
d0163V1962,Montmajour
d0164V1962,The Ruins of Montmajour
d0165V1962,Seated Woman
d0166V1962r,Landschap met hut  en Laan in een park
d0166V1962v,Landschap met hut  en Laan in een park
d0167V1962,Heath
d0168V1962,Landscape with Path and Pollard Willows
d0169V1962r,Buste van een jonge krijger  en Zittend mannelijk naakt op de rug gezien
d0169V1962v,Buste van een jonge krijger  en Zittend mannelijk naakt op de rug gezien
d0172V1962,Reaper
d0173V1962r,Maaier  en Korenschelven en een molen
d0173V1962v,Maaier  en Korenschelven en een molen
d0174V1967,Old Woman with a Shawl and a Walking Stick
d0175V1962,Garden of a Bathhouse
d0176V1962,Vestibule in the Asylum
d0177V1962,Wild Vegetation
d0178V1962,Peasant Woman Binding Sheaves
d0179V1962,Digger in a Potato Field February
d0180V1962r,Venustorso  en Venustorso
d0180V1962v,Venustorso  en Venustorso
d0181V1962,Woodcutter
d0182V1962,View of Scheveningen
d0183V1962,Old Man with a Top Hat
d0185V1962,Giant Peacock Moth
d0186V1962r,Winterlandschap met wandelende figuren  en Veld met zaaier
d0186V1962v,Winterlandschap met wandelende figuren  en Veld met zaaier
d0187V1962r,Studies van een zaaier en een hand  en Schetsen van figuren en studies van een hand
d0187V1962v,Studies van een zaaier en een hand  en Schetsen van figuren en studies van een hand
d0188V1962r,Landschap met figuren met kruiwagens  en Studies van werkende figuren
d0188V1962v,Landschap met figuren met kruiwagens  en Studies van werkende figuren
d0189V1962r,Figuren bij de haard  en Studies van een hand en een spitter
d0189V1962v,Figuren bij de haard  en Studies van een hand en een spitter
d0190V1962r,Staand mannelijk naakt en zittende figuur (naar Bargue)  en Interieur met tafels en stoelen en schets van De slaapkamer
d0190V1962v,Staand mannelijk naakt en zittende figuur (naar Bargue)  en Interieur met tafels en stoelen en schets van De slaapkamer
d0191V1969,Chair by a Fireplace
d0192V1962r,Stoel  en Studie van paarden en boeren
d0192V1962v,Stoel  en Studie van paarden en boeren
d0193V1962,The Park and Pond in Front of the Yellow House
d0194V1969,The Walled Wheatfield
d0195V1962r,Rijtuig en figuren op een weg  en Spittende boer
d0195V1962v,Rijtuig en figuren op een weg  en Spittende boer
d0196V1962r,Schets van pijnbomen  en Vier mannen op een weg
d0196V1962v,Schets van pijnbomen  en Vier mannen op een weg
d0197V1962r,Winterlandschap met werkende figuren  en Landschap met cipressen en studies van figuren
d0197V1962v,Winterlandschap met werkende figuren  en Landschap met cipressen en studies van figuren
d0198V1962r,Schetsen van aan tafel zittende figuren  en Schetsen van zittende figuren
d0198V1962v,Schetsen van aan tafel zittende figuren  en Schetsen van zittende figuren
d0199V1971r,"Figuren op het strand en een bord, kom en lepel  en Figuren op het strand"
d0199V1971v,"Figuren op het strand en een bord, kom en lepel  en Figuren op het strand"
d0200V1962r,Studies van een hand  en Studies van een dode mus
d0200V1962v,Studies van een hand  en Studies van een dode mus
d0201V1971r,Egyptische kop en figuurstudie  en Egyptische kop
d0201V1971v,Egyptische kop en figuurstudie  en Egyptische kop
d0202V1962,Two Sowers
d0203V1962,Head of a Woman
d0204V1962,Woman Cutting Bread
d0205V1962r,Vier gierzwaluwen en schetsen van landschappen  en Gierzaluw
d0205V1962v,Vier gierzwaluwen en schetsen van landschappen  en Gierzaluw
d0206V1962,The Grote Markt
d0207V1962,Woman by a Hearth
d0208V1962,Blossoming PeachTrees
d0209V1969r,Kastanjeblad met peul en landschap met cipressen  en Gezicht op Saint-Rémy en schetsen van een perspectiefraam
d0209V1969v,Kastanjeblad met peul en landschap met cipressen  en Gezicht op Saint-Rémy en schetsen van een perspectiefraam
d0210V1962r,Landschap met oogstende boeren  en Landschap met oogstende boerinnen
d0210V1962v,Landschap met oogstende boeren  en Landschap met oogstende boerinnen
d0211V1971r,Dennenappel  en Studies van een hand
d0211V1971v,Dennenappel  en Studies van een hand
d0212V1962r,Paard met rijtuig  en Zittend mannelijk naakt (naar Bargue)
d0212V1962v,Paard met rijtuig  en Zittend mannelijk naakt (naar Bargue)
d0213V1962,Periwinkle
d0214V1962r,Op het land werkende boerin  en Twee boerinnen op het land
d0214V1962v,Op het land werkende boerin  en Twee boerinnen op het land
d0215V1969,Landscape with River
d0216V1971,Landscape with the River Oise
d0217V1971r,Schetsen van dieren en kinderen  en Schetsen van vrouwen die de was doen
d0217V1971v,Schetsen van dieren en kinderen  en Schetsen van vrouwen die de was doen
d0218V1971r,Egyptische kop  en Boer met een zeis
d0218V1971v,Egyptische kop  en Boer met een zeis
d0219V1962,Landscape with Houses and Woman with a Spade
d0220V1962r,Dead-End Street with Houses
d0221V1962v,Village Street
d0223V1962,Trees in the Garden of the Asylum
d0224V1962,Olive Grove
d0225V1962,Olive Trees with the Alpilles in the Background
d0226V1962,Stone Bench in the Garden of the Asylum
d0227V1962,Field with Sheaves of Wheat
d0228V1962,Gardens on Montmartre and the Blute-Fin Windmill
d0229V1962r,Landschap met huizen en twee spittende mannen  en Interieur met vijf figuren rond een tafel
d0229V1962v,Landschap met huizen en twee spittende mannen  en Interieur met vijf figuren rond een tafel
d0230V1962,Pine Trees Along a Path
d0231V1974r,Wandelend paar met kind op een weg in de regen  en Interieur met drie figuren bij een tafel
d0231V1974v,Wandelend paar met kind op een weg in de regen  en Interieur met drie figuren bij een tafel
d0232V1962,Pine Trees and Wall in the Garden of the Asylum
d0233V1962,Study of a Tree Trunk and Clouds
d0234V1962,Cloud Study
d0235V1962r,Winterlandschap met wandelend paar  en Interieur met twee etende figuren
d0235V1962v,Winterlandschap met wandelend paar  en Interieur met twee etende figuren
d0236V1962r,Twee mannen op een weg  en Twee spittende boerinnen
d0236V1962v,Twee mannen op een weg  en Twee spittende boerinnen
d0237V1962r,Winterlandschap met figuren  en Landschap met huizen en twee mannen met een schop
d0237V1962v,Winterlandschap met figuren  en Landschap met huizen en twee mannen met een schop
d0238V1962r,Wandelend paar op een weg  en Drie etende figuren
d0238V1962v,Wandelend paar op een weg  en Drie etende figuren
d0239V1971r,Egyptische kop en figuurstudie  en Bukkende man
d0239V1971v,Egyptische kop en figuurstudie  en Bukkende man
d0240V1962r,Drie mannen met schoppen op een weg in de regen  en Landschap met een huis en twee mannen
d0240V1962v,Drie mannen met schoppen op een weg in de regen  en Landschap met een huis en twee mannen
d0241V1962r,Studies van figuren  en Studies van werkende en etende figuren
d0241V1962v,Studies van figuren  en Studies van werkende en etende figuren
d0242V1962r,Studies van spitters  en Boerderijen en studies van spitters
d0242V1962v,Studies van spitters  en Boerderijen en studies van spitters
d0243V1969r,Schets van een vrouw aan tafel en een staande vrouw  en Schetsen van een man en een paard
d0243V1969v,Schets van een vrouw aan tafel en een staande vrouw  en Schetsen van een man en een paard
d0244V1969r,"Schetsen van een man en van een vrouw op een weg  en Schets van vrouwen, bezig met de was"
d0244V1969v,"Schetsen van een man en van een vrouw op een weg  en Schets van vrouwen, bezig met de was"
d0245V1962r,Studies of a Foot ; Study of Horses and a Peasant
d0245V1962v,Studies of a Foot ; Study of Horses and a Peasant
d0246V1962,Studies of a Hand
d0247V1962,Study of a Hand
d0248V1969r,Schetsen van een paard met huifkar en van een baby in een kinderwagen  en Schets van werkende vrouwen
d0248V1969v,Schetsen van een paard met huifkar en van een baby in een kinderwagen  en Schets van werkende vrouwen
d0249V1969r,Egyptische kop  en Egyptische kop
d0249V1969v,Egyptische kop  en Egyptische kop
d0250V1962r,Stoel en handenstudie  en Berglandschap achter het ommuurde korenveld
d0250V1962v,Stoel en handenstudie  en Berglandschap achter het ommuurde korenveld
d0251V1969,The Walled Wheatfield
d0252V1969,The Walled Wheatfield
d0253V1971,The Walled Wheatfield
d0254V1962,The Walled Wheatfield with Pruned Tree
d0255V1962,Pine Trees and Wall in the Garden of the Asylum
d0256V1962,(Pine) Trees and Wall in the Garden of the Asylum
d0257V1971,Pine Trees and Wall in the Garden of the Asylum
d0258V1962,Road with Trees
d0259V1962,Pine Trees and Wall in the Garden of the Asylum
d0260V1971,Tree and Wall in the Garden of the Asylum
d0261V1969,Landscape with Pine Trees
d0262V1962r,Bomen en muur in de tuin van de inrichting  en Bomen in de tuin van de inrichting
d0262V1962v,Bomen en muur in de tuin van de inrichting  en Bomen in de tuin van de inrichting
d0263V1962,Trees and Wall in the Garden of the Asylum
d0264V1962r,Boom in de tuin van de inrichting  en Bomen en muur in de tuin van de inrichting
d0264V1962v,Boom in de tuin van de inrichting  en Bomen en muur in de tuin van de inrichting
d0265V1962,"Trees, Stone Bench and Fountain in the Garden of the Asylum"
d0266V1962,Trees Along the River Oise
d0267V1971,Head of a Woman
d0268V1971,Head of a Woman
d0269V1962,Head of a Woman
d0270V1962,Head of a Woman
d0271V1969r,Kop van een vrouw  en Potloodkrabbels en schets van meerdere figuren
d0271V1969v,Kop van een vrouw  en Potloodkrabbels en schets van meerdere figuren
d0272V1971,Head of a Woman
d0273V1971,Head of a Woman
d0274V1962,Head of a Man
d0275V1969,Head of a Man
d0276V1969,Scheveningen Woman
d0279V1967,Boy with a Cap and Clogs
d0283V1962r,Vrouw met riek in een winters landschap  en Figuren in een winters landschap
d0283V1962v,Vrouw met riek in een winters landschap  en Figuren in een winters landschap
d0284V1962r,Kerkhof in de winter  en Landschap met kerk
d0284V1962v,Kerkhof in de winter  en Landschap met kerk
d0285V1962,Churchyard in Winter
d0286V1962,Stocky Man
d0287V1962,"Lange Vijverberg, The Hague"
d0288V1962,Driveway
d0289V1962,Old Woman Asleep (after Rops)
d0290V1962,Canal
d0291V1962,Ditch
d0292V1972,"View of Royal Road, Ramsgate"
d0296V1972,Head of a Man
d0302V1972r,Zaaier  en Pricilla
d0302V1972v,Zaaier  en Pricilla
d0303V1972r,Copulerend paar  en Fragment van Venus
d0303V1972v,Copulerend paar  en Fragment van Venus
d0307V1972,Vicarage and Church at Etten
d0308V1972,Head of a Woman
d0310V1970,Head of a Woman
d0312V1972,Sketch of Figures
d0313V1970r,Grote nachtpauwoog en papaverzaaddoos  en Grote nachtpauwoog en kever
d0313V1970v,Grote nachtpauwoog en papaverzaaddoos  en Grote nachtpauwoog en kever
d0331V1962r,Stadhuis van Auvers en kop van een man  en Landschappen met huizen
d0331V1962v,Stadhuis van Auvers en kop van een man  en Landschappen met huizen
d0332V1962r,Landschap met huizen  en Bloeiende kastanjebomen bij een huis
d0332V1962v,Landschap met huizen  en Bloeiende kastanjebomen bij een huis
d0333V1962,Landscape with the River Oise
d0334V1962,Tree and Bushes in the Garden of the Asylum
d0335V1962,Arums
d0336V1962,The Enclosed Wheatfield After a Storm
d0338V1962r,Zaaier in de regen  en Op het land werkende man
d0338V1962v,Zaaier in de regen  en Op het land werkende man
d0339V1969r,Op het land werkende figuren  en Studies van een raam en een voet
d0339V1969v,Op het land werkende figuren  en Studies van een raam en een voet
d0341V1962,Almond Tree and Wall in the Garden of the Asylum
d0342V1962,Trees in the Garden of the Asylum
d0343V1962,Park with Shrub
d0345V1962,Field with Houses
d0346V1962,Park with Fence
d0347V1962,Railway Storage Yard
d0348V1962,The Sower
d0349V1962,La Crau Seen from Montmajour
d0350V1962,Window in the Bataille Restaurant
d0351V1962,A Guinguette
d0352V1962,Shed with Sunflowers
d0353V1962,Sailing Boat on the Seine at Asnières
d0354V1962,View of Paris with the Opéra
d0355V1962,Road Running Beside the Paris Ramparts
d0356V1962,The Boulevard de Clichy
d0357V1962,Restaurant de la Sirène at Asnières
d0358V1962,The Spire of the Church of Our Lady
d0359V1962r,Zittende man met snor en pet  en Zittende man met baard
d0359V1962v,Zittende man met snor en pet  en Zittende man met baard
d0360V1962,Self-Portrait
d0361V1962,Sale of Building Scrap
d0362V1962,Head of a Woman
d0363V1962,Reaper
d0365V1962,Winter Garden
d0366V1962,Ditch
d0367V1962,Lumber Sale
d0368V1962,Head of a Young Man
d0369V1962,Woman Shelling Peas
d0370V1962,Coking Factory in the Borinage
d0371V1962,Weaver
d0372V1968,"Bridge and Houses on the Corner of Herengracht-Prinsessegracht, The Hague"
d0373V1962,Head of a Woman
d0374V1975,"The Entrance to the Pawn Bank, The Hague"
d0375V1962,Girl with a Shawl
d0376V1962,The Poor and Money
d0377V1962,Head of a Fisherman with a Sou'wester
d0379V1962,Old Man Reading
d0380V1962,Old Man in a Tailcoat
d0381V1962,Digger
d0382V1964,Donkey and Cart
d0383M1971,Man with a Sack of Wood
d0385V1970,Study of a Head and Figures Around a Table
d0387V1977,Man Winding Yarn
d0388V1962r,Vier personen aan de maaltijd  en Vrouw met geheven linkerarm
d0388V1962v,Vier personen aan de maaltijd  en Vrouw met geheven linkerarm
d0389V1962r,"Drie handen, twee met vork  en Interieurstudies van een hut, en schets van De aardappeleters"
d0389V1962v,"Drie handen, twee met vork  en Interieurstudies van een hut, en schets van De aardappeleters"
d0390V1962r,"Hand met stok, en vier personen aan de maaltijd  en Handen met een stok"
d0390V1962v,"Hand met stok, en vier personen aan de maaltijd  en Handen met een stok"
d0391V1962,"Hand with a Pot, the Knob of a Chair and a Hunk of Bread"
d0392V1962,Two Hands and Two Arms
d0393V1962r,"Hand met een kom, en een kat  en Drie personen aan de maaltijd"
d0393V1962v,"Hand met een kom, en een kat  en Drie personen aan de maaltijd"
d0394V1969r,"Klok, klomp met bestek en een lepelrek  en Bord met bestek en een ketel"
d0394V1969v,"Klok, klomp met bestek en een lepelrek  en Bord met bestek en een ketel"
d0395V1962,Head of a Woman
d0396V1962,Head of a Woman
d0397V1962,Seated Woman
d0398V1962,The Discus Thrower
d0399V1962,Venus
d0400V1962r,Spierman en Gladiator Borghese  en Spierman
d0400V1962v,Spierman en Gladiator Borghese  en Spierman
d0401V1962,Torso of Venus
d0402V1962r,Venustorso  en Venus van Milo
d0402V1962v,Venustorso  en Venus van Milo
d0408V1968,Landscape with Peasant and Two Horses
d0411-003V1962,Church
d0411-004V1962,Head of a Man
d0411-005V1962,Peasant Woman Gleaning Ears of Corn (in silhouette)
d0411-007V1962,Peasant with Hayfork (in silhouette)
d0411-008V1962,Peasant Woman Working in the Fields
d0411-009V1962,Sower
d0411-010V1962,Head of a Man
d0411-011V1962,Head of a Man
d0411-014V1962,Head of a Woman
d0411-015V1962,View of Eindhoven
d0411-016V1962,Two Heads
d0411-018V1962,Two Heads
d0411-019V1962,Head of a Woman
d0411-020V1962,Head of a Woman
d0411-021V1962,Head of a Woman
d0411-022V1962,The Vicarage Garden in the Snow
d0411-023V1962,The Old Church Tower in the Snow
d0411-024V1962,Garden in the Snow
d0411-027V1962,Church
d0411-028V1962,"Indistinct image, possibly a construction drawing"
d0411-029V1962,Head of a Woman and possibly a construction drawing
d0411-030V1962,Landscape with Two Horses and Carts
d0411-031V1962,Construction drawing of a perspective frame and a stand
d0411-032V1962,Woman
d0411-038V1962,Man
d0411-039V1962,Head of a Woman and an indistinct image
d0411-042V1962,Two Perspective Frames and a Paint Box
d0411-043V1962,Artist in Front of a Perspective Frame
d0411-050V1962,Hand
d0411-051V1962,Hand
d0411-056V1962,Head of a Woman
d0411-057V1962,Indistinct image
d0411-059V1962,Lower Leg
d0411-074V1962,Peasant Woman in the Fields
d0411-078V1962,Phonograph
d0411-080V1962,Contour of a head with construction lines
d0411-081V1962,Head of a Man
d0411-083V1962,Portrait of a Man
d0411-085V1962,Man with Wheelbarrow
d0411-094V1962,Two Heads of Men
d0411-095V1962,Woman
d0411-100V1962,Two Women
d0411-101V1962,Indistinct image
d0411-102V1962,Indistinct image
d0411-106V1962,Woman
d0411-107V1962,Landscape
d0411-108V1962,Post Office in Eindhoven
d0411-110V1962,Arm
d0411-124V1962,Figure
d0411-128V1962,Head of a Woman
d0411-129V1962,Head of a Woman
d0411-136V1962,Woman
d0411-138V1962,Animal Horn and Snouts
d0411-139V1962,Woman
d0411-145V1962,Construction drawing of a perspective frame
d0411-146V1962,Construction drawing of a perspective frame
d0411-147V1962,Construction drawing of a perspective frame
d0411-148V1962,Head of a Woman
d0411-149V1962,Head of a Woman
d0411-150V1962,Two Heads of Men
d0411-151V1962,Head of a Woman
d0411-155V1962,Perspective frame
d0411-161V1962,Head of a Woman
d0411-162V1962,Head of a Woman
d0411-163V1962,Head of a Man
d0411-164V1962,Two People
d0412-003V1962,Cottage
d0412-005V1962,Nude Woman
d0412-006V1962,Street View with People Walking
d0412-011V1962,"Digger, Discus Thrower and note"
d0412-012V1962,Figure
d0412-019V1962,Head of a Woman and notes
d0412-021V1962,Head of a Man
d0412-022V1962,Nude and note
d0412-027V1962,Plaster Cast of a Woman's Torso
d0412-034V1962,Head of a Woman
d0412-038V1962,Plaster Cast of a Woman's Torso
d0412-041V1962,Head of a Woman
d0412-046V1962,Head of a Woman
d0412-047V1962,Part of a Torso and Arm
d0412-048V1962,Foot
d0412-049V1962,Foot
d0412-050V1962,Hand
d0412-051V1962,Hand and note
d0412-052V1962,Knee
d0412-053V1962,Knee
d0412-054V1962,Foot
d0412-055V1962,Foot
d0412-056V1962,Four Feet and note
d0412-057V1962,Head of a Woman
d0412-058V1962,Two Women on a Quay
d0412-059V1962,Cart and Two Rabbits in a Snowy Landscape
d0412-060V1962,Sower
d0413-011V1962,Head of a Man with Horns
d0413-012V1962,Head of a Man with Sun Visor
d0413-021V1962,Moulin de Blute-Fin
d0413-023V1962,Windmills at Montmartre
d0413-025V1962,Man Drawing
d0413-026V1962,Windmill and Two Figures
d0413-030V1962,City View
d0413-031V1962,Head of a Man with Hat and Pipe
d0413-032V1962,Head of a Man
d0413-033V1962,Reclining Female Nude and note
d0413-037V1962,Standing Female Nude
d0413-041V1962,Pelvis of a Skeleton
d0413-046V1962,Figure Study
d0413-049V1962,Figures in an Interior
d0413-050V1962,Seated Female Nude
d0413-051V1962,Standing Male Nude
d0413-053V1962,Seated Female Nude and notes
d0413-057V1962,Windmills at Montmartre
d0413-059V1962,Torso of Venus
d0413-061V1962,Figures in a Park
d0413-068V1962,Palais du Luxembourg Seen from the Garden
d0413-071V1962,Head of a Man
d0413-072V1962,Head of a Man
d0413-074V1962,L'Ecorché
d0413-077V1962,Flowers
d0413-078V1962,Heads and notes
d0413-080V1962,Couples Out for a Stroll
d0413-081V1962,Two Skeletons on Horseback and Windmills
d0414-005V1962,Women Picking Olives
d0414-006V1962,Ravine
d0414-007V1962,Head of a Dog
d0414-008V1962,Landscape with a Tree
d0414-009V1962,Landscape with a Tree
d0414-010V1962,Hen
d0414-011V1962,Men in a Café
d0414-012V1962,Poultry
d0414-013V1962,Man Digging and note
d0414-014V1962,Standing Male Figure (after Bargue)
d0414-015V1962,Standing Male Figure (after Bargue)
d0414-016V1962,Standing Male Figure (after Bargue)
d0414-017V1962,Standing Male Figure (after Bargue)
d0414-018V1962,Sitting Male Figure (after Bargue)
d0414-019V1962,Standing Male Figure (after Bargue)
d0414-020V1962,Standing Girl
d0414-021V1962,Mother and Child
d0414-022V1962,Town Hall
d0414-023V1962,Man
d0414-027V1962,Man Working in the Fields
d0414-028V1962,Woman Bending
d0414-029V1962,Horse and Carriage
d0414-030V1962,Indistinct image
d0414-056V1962,Head of a Man
d0414-057V1962,Daubigny's Garden
d0414-058V1962,Girl and Woman
d0414-059V1962,Woman
d0414-060V1962,Indistinct image
d0414-062V1962,Woman
d0414-063V1962,Cows in the Fields
d0414-064V1962,Hind Legs of Horse
d0414-065V1962,City View with Bridge
d0414-066V1962,Head of a Man
d0414-080V1962,Woman
d0414-081V1962,Head of a Child
d0414-082V1962,Sunflowers
d0414-083V1962,Sunflowers
d0414-084V1962,Irises
d0414-085V1962,Man Mowing
d0414-086V1962,Figure and notes
d0414-088V1962,Woman
d0414-089V1962,Woman
d0414-090V1962,The Town Hall
d0414-091V1962,Figures with Horse
d0414-096V1962,Fishing Boat
d0414-097V1962,Peasants wth Two Horses and Plough
d0414-098V1962,Digger
d0414-099V1962,Contours of a Figure
d0414-100V1962,Three Fish
d0414-101V1962,Woman on a Velocipede
d0414-102V1962,Woman
d0414-103V1962,Hand
d0414-110V1962,Figures in a Landscape
d0414-112V1962,Man with Bag
d0414-113V1962,Horse and Carriage with Figure
d0414-114V1962,Train Carriages
d0414-115V1962,Contours of a figure
d0414-118V1962,Figures on a Bridge or Road (lower part)
d0414-119V1962,Figures on a Bridge or Road (upper part)
d0414-120V1962,Head of a Child
d0414-122V1962,Woman
d0414-123V1962,Head of a Woman
d0414-124V1962,Landscape with the River Oise
d0414-125V1962,Forelegs of a Horse
d0414-126V1962,Les Alyscamps
d0414-127V1962,Woman
d0414-128V1962,Two Horses (lower part)
d0414-129V1962,Two Horses (upper part)
d0414-130V1962,Horse
d0414-131V1962,Horse
d0414-132V1962,Woman and Head
d0414-133V1962,Horse and Carriage
d0414-134V1962,Horse
d0414-135V1962,Horse
d0414-136V1962,Horse
d0414-137V1962,Mount
d0414-138V1962,Woman with a Donkey
d0414-139V1962,Two Women Working in the Fields
d0414-140V1962,Two Mounts
d0414-141V1962,Figure
d0415V1962,Figures in a Field
d0416V1962,Landscape with Windmills at Fontvieille
d0417V1962,Winter Garden
d0418V1971r,Schets van twee vrouwen  en Schets van een rieten dak
d0418V1971v,Schets van twee vrouwen  en Schets van een rieten dak
d0419V1962,Reaper
d0421V1962,Field with Farmhouses
d0422V1962,Thistles by the Roadside
d0424V1962,Head of a Young Man
d0425V1962,Tassel Hyacinth
d0426V1962,Houses in the Sun in Les Saintes-Maries-de-la-Mer
d0427V1962r,Marguerite Gachet aan de piano  en Studie van een boom
d0427V1962v,Marguerite Gachet aan de piano  en Studie van een boom
d0428V1962,Country Road
d0429V1962,Seated Woman
d0430V1962,Seated Girl Seen from the Front
d0431V1962,The Yellow House (The Street)
d0432V1962r,Zelfportretten  en Treurende vrouw
d0432V1962v,Zelfportretten  en Treurende vrouw
d0433V1962,Interior with Ten Figures
d0434V1962r,Ommuring van het korenveld bij de inrichting  en Studies van spitters
d0434V1962v,Ommuring van het korenveld bij de inrichting  en Studies van spitters
d0435V1962,Man and Woman Seen from the Back
d0436V1962,Farmhouse in a Wheatfield
d0437V1962,Old Man with a Stick
d0438V1962,Stairs in the Garden of the Asylum
d0439V1962,Trees with Ivy in the Garden of the Asylum
d0440V1962,Fountain in the Garden of the Asylum
d0441V1962,Provençal Orchard
d0442V1962,View from the Apartment in the Rue Lepic
d0443V1962,The Sower (after Millet)
d0444V1962,Digger
d0445V1962,Wheatfield and Cypresses
d0752M1979,Seated Zouave
d0758V1962,Sketch of a Seated Woman
d0772V1962,Tracing of 'The Plum Tree Teahouse at Kameido' of Hiroshige
d0773V1962,Tracing of the Cover of Paris Illustré. Le Japon
d0775M1982,The Kingfisher
d0776M1980,Gasworks
d0777V1980,Head of a Woman
d0778M1981,Baby
d0783V1972,Soup Distribution in a Public Soup Kitchen
d0808V1986,Old Nag
d0810M1986,Landscape in Drenthe
d1040V1994,"Portrait of Vincent van Gogh, the Artist's Grandfather"
d1123V2004,Portrait of Jozef Blok
d1125S2005,The Daughter of Jacob Meyer (after Bargue after Holbein)
d1132S2007,Woman on her Deathbed
d1193S2015,Open Shed and Farmhouse
n0546V1962v,Sketch of a landscape and sketch of three figures near an awning
d0411V1962,Nuenen Sketchbook
d0412V1962,"Nuenen, Antwerp and Paris Sketchbook"
d0413V1962,Paris Sketchbook
d0414V1962,Paris and Auvers-sur-Oise Sketchbook
p0001V1962,Digger
p0002V1962,Sorrow
p0003V1962,Old Man Drinking Coffee
p0004V1962,Old Man with a Stick
p0005V1962,Gardener by an Apple Tree
p0007V1962,At Eternity's Gate
p0008V1962,A Workman's Meal Break
p0009V1962,Old Man with a Stick
p0010V1971,Burning Weeds
p0011V1963,A Workman's Meal Break
p0012V1963,Digger
p0013V1962,Portrait of Doctor Gachet
p0014V1962,Sorrow
p0015V1962,Old Man Drinking Coffee
p0016V1962,The Potato Eaters
p0466V1962,Portrait of Doctor Gachet
p0467V1962,Portrait of Doctor Gachet
p0468V1962,Portrait of Doctor Gachet
p0469V1962,Portrait of Doctor Gachet
p0470V1962,Portrait of Doctor Gachet
p0471V1962,Portrait of Doctor Gachet
p0472V1962,Portrait of Doctor Gachet
p0473V1962,Portrait of Doctor Gachet
p0587B2023,Old Man Drinking Coffee
F0363,Portrait of Père Tanguy
F0364,Portrait of Père Tanguy
F0527,Self-Portrait with Bandaged Ear
d0411-012V1962,Note
d0411-048V1962,Note
d0411-062V1962,Notes
d0411-063V1962,Note
d0411-165V1962,Inside endpaper with press-through of 'Head of a Man'
d0411-166V1962,Back cover
d0412-002V1962,Inside endpaper with notes and rubbing
d0412-004V1962,Note with rubbing
d0412-015V1962,Note
d0412-016V1962,Note
d0412-020V1962,Notes
d0412-024V1962,Note
d0412-028V1962,Notes
d0412-033V1962,Note
d0412-042V1962,Notes
d0412-045V1962,Note
d0413-002V1962,Inside endpaper with note and rubbing
d0413-009V1962,Notes
d0413-010V1962,Notes and rubbing
d0413-015V1962,Note
d0413-016V1962,Note
d0413-045V1962,Note and rubbing
d0413-052V1962,Notes
d0413-063V1962,Note
d0413-076V1962,Note
d0413-083V1962,Inside endpaper with smudge
d0413-084V1962,Back cover
